[
  {
    "line": 3,
    "elements": [
      {
        "line": 6,
        "name": "Login Icompass with valid credentials",
        "description": "",
        "id": "multiple-scenario-testing;login-icompass-with-valid-credentials",
        "type": "scenario",
        "keyword": "Scenario",
        "steps": [
          {
            "result": {
              "duration": 16180947700,
              "status": "passed"
            },
            "line": 8,
            "name": "Navigate to Icompass URL",
            "match": {
              "location": "StepDefinition.navigate_to_Icompass_URL()"
            },
            "keyword": "Given "
          },
          {
            "result": {
              "duration": 176447500,
              "status": "passed"
            },
            "line": 9,
            "name": "Enter valid username \"gtanusri\" and valid password \"tanU@5678\"",
            "match": {
              "arguments": [
                {
                  "val": "gtanusri",
                  "offset": 22
                },
                {
                  "val": "tanU@5678",
                  "offset": 52
                }
              ],
              "location": "StepDefinition.enter_valid_username_and_valid_password(String,String)"
            },
            "keyword": "When "
          },
          {
            "result": {
              "duration": 379459900,
              "status": "passed"
            },
            "line": 10,
            "name": "Login Successfully",
            "match": {
              "location": "StepDefinition.login_Successfully()"
            },
            "keyword": "Then "
          }
        ]
      },
      {
        "line": 14,
        "name": "Display climate details",
        "description": "",
        "id": "multiple-scenario-testing;display-climate-details",
        "type": "scenario",
        "keyword": "Scenario",
        "steps": [
          {
            "result": {
              "duration": 7896311100,
              "status": "passed"
            },
            "line": 16,
            "name": "Navigate to Google URL",
            "match": {
              "location": "StepDefinition.navigate_to_Google_URL()"
            },
            "keyword": "Given "
          },
          {
            "result": {
              "duration": 6309792700,
              "status": "passed"
            },
            "line": 17,
            "name": "Enter input \"chennai climate\"",
            "match": {
              "arguments": [
                {
                  "val": "chennai climate",
                  "offset": 13
                }
              ],
              "location": "StepDefinition.enter_input(String)"
            },
            "keyword": "When "
          },
          {
            "result": {
              "duration": 2327161100,
              "status": "passed"
            },
            "line": 18,
            "name": "Climate details display",
            "match": {
              "location": "StepDefinition.climate_details_display()"
            },
            "keyword": "Then "
          }
        ]
      },
      {
        "line": 22,
        "name": "Display google images page",
        "description": "",
        "id": "multiple-scenario-testing;display-google-images-page",
        "type": "scenario",
        "keyword": "Scenario",
        "steps": [
          {
            "result": {
              "duration": 6805175100,
              "status": "passed"
            },
            "line": 24,
            "name": "Navigate to Google URL",
            "match": {
              "location": "StepDefinition.navigate_to_Google_URL()"
            },
            "keyword": "Given "
          },
          {
            "result": {
              "duration": 1157818700,
              "status": "passed"
            },
            "line": 25,
            "name": "click on image link",
            "match": {
              "location": "StepDefinition.click_on_image_link()"
            },
            "keyword": "When "
          },
          {
            "result": {
              "duration": 208219100,
              "status": "passed"
            },
            "line": 26,
            "name": "Display images page",
            "match": {
              "location": "StepDefinition.display_images_page()"
            },
            "keyword": "Then "
          }
        ]
      }
    ],
    "name": "Multiple Scenario Testing",
    "description": "",
    "id": "multiple-scenario-testing",
    "keyword": "Feature",
    "uri": "C:/BDD-workspace-sts/BDD_Tags/src/login.feature",
    "tags": [
      {
        "line": 2,
        "name": "@Test"
      }
    ]
  }
]